# Metric definition (published harness /scratch/users/ericrcwu/kda/probes/train_probe.py:58-76, == git 93b60d7):
#   accuracy_by_length[L] = MEAN PER-TOKEN accuracy over ALL L positions of the sequence, NOT final-token.
#   correct = logits.argmax(-1) == y ; valid = y != -100 ; acc = (correct & valid).sum() / valid.sum()
#   For all five probe tasks there are ZERO -100 positions (measured), so 100% of tokens are scored.
# Eval N = 64 sequences per length (--batch default 64, reused for eval). Eval bank depends only on
#   (seed, length) via Generator().manual_seed(seed*100003 + length) -> identical across arms at a fixed
#   seed (pairing valid), different across seeds, and disjoint from training data (0 collisions measured).
# CAUTION: because training uses lengths [3,40] and every position is scored, at L=2048 the first 40
#   positions (2.0% of the sequence) are IN-DISTRIBUTION. A model perfect on those and at chance after
#   still reports 3.32x "chance" on s5_words. See prefix_null / tail_only columns in the report.
task	description	input_vocab	label_space_size	chance_accuracy	label_definition	metric_scored	eval_N_sequences	eval_N_tokens_at_2048	train_length_range	eval_lengths	group_or_monoid	order	solvable	verified_closed	verified_associative	contains_odd_perms	label_uniformity_chi2_per_df_at_2048	majority_class_rate_at_2048	in_all_night_98	notes
parity	running XOR of a uniform random bit string; Z/2 word problem	2	2	0.500000	label[t] = parity of inputs[:, :t+1] (running prefix, EVERY position labelled)	mean per-token accuracy over ALL positions of the sequence	64	131072	[3, 40]	40,64,128,256,512,1024,2048	group Z/2	2	yes	yes	yes	n/a	0.29	0.5001	yes	cumsum(dim=-1) % 2; tasks.py:71-79. Uniform.
s3_words	running product of S3 generators (transposition + 3-cycle)	2	6	0.166667	label[t] = index of accumulated product of generators 0..t (running prefix, EVERY position labelled)	mean per-token accuracy over ALL positions of the sequence	64	131072	[3, 40]	40,64,128,256,512,1024,2048	group S3	6	yes	yes	yes	yes (3 even, 3 odd)	0.11	0.1670	yes	BFS closure = full S3 (6 elems), verified equals itertools.permutations(3). tasks.py:31-34,82-107.
s4_words	running product of S4 generators (transposition + 4-cycle)	2	24	0.041667	label[t] = index of accumulated product of generators 0..t (running prefix, EVERY position labelled)	mean per-token accuracy over ALL positions of the sequence	64	131072	[3, 40]	40,64,128,256,512,1024,2048	group S4	24	yes	yes	yes	yes (12 even, 12 odd)	0.96	0.0426	yes	BFS closure = full S4 (24 elems). Both generators odd. tasks.py:35-38.
s5_words	running product of S5 generators (transposition + 5-cycle)	2	120	0.008333	label[t] = index of accumulated product of generators 0..t (running prefix, EVERY position labelled)	mean per-token accuracy over ALL positions of the sequence	64	131072	[3, 40]	40,64,128,256,512,1024,2048	group S5	120	NO (only non-solvable task in the panel)	yes	yes	yes (60 even, 60 odd)	2.93	0.0095	yes	BFS closure = full S5 (120 elems), NOT A5. Confirmed not degenerate. tasks.py:39-42.
mod_arith	modular arithmetic without brackets over Z/5, ops {+,-,*}; token encodes (op,operand) as op*5+operand	15	5	0.200000	label[t] = accumulator value after applying steps 0..t, accumulator starts at 0	mean per-token accuracy over ALL positions of the sequence	64	131072	[3, 40]	40,64,128,256,512 (NOT 1024/2048)	MONOID, not a group (transformation monoid of size 25: 20 invertible + 5 collapsing '*0' maps)	5 label values / 25 monoid elements	n/a (not a group word problem)	n/a	n/a	n/a	1193.31 (STRONGLY NON-UNIFORM)	0.2763	NO	Label distribution is NOT uniform: '*0' collapses the accumulator to 0, so label 0 is over-represented (27.6% vs 20% nominal chance). EFFECTIVE chance for a majority-class predictor is 0.2763, not 0.2000. Only present in the older 5-eval-length results (p46-*), absent from the 98 all_night runs. Vectorized Hillis-Steele scan verified against a sequential reference by tasks.py::_self_check.
