claim_id	claimed	recomputed	abs_delta	status
S5_acc_R1_len40	91.93	91.9287	0.0013	EXACT
S5_acc_R1_len64	64.34	64.3372	0.0028	EXACT
S5_acc_R1_len128	32.87	32.8674	0.0026	EXACT
S5_acc_R1_len256	16.81	16.8076	0.0024	EXACT
S5_acc_R1_len512	8.66	8.6586	0.0014	EXACT
S5_acc_R1_len1024	4.84	4.8357	0.0043	EXACT
S5_acc_R1_len2048	2.85	2.8451	0.0049	EXACT
S5_acc_R2_len40	99.37	99.3701	0.0001	EXACT
S5_acc_R2_len64	86.53	86.5295	0.0005	EXACT
S5_acc_R2_len128	46.75	46.7529	0.0029	EXACT
S5_acc_R2_len256	23.67	23.6702	0.0002	EXACT
S5_acc_R2_len512	12.23	12.2349	0.0049	EXACT
S5_acc_R2_len1024	6.48	6.4816	0.0016	EXACT
S5_acc_R2_len2048	3.68	3.6797	0.0003	EXACT
S5_acc_R4_len40	100.00	100.0000	0.0000	EXACT
S5_acc_R4_len64	99.96	99.9634	0.0034	EXACT
S5_acc_R4_len128	88.60	88.6032	0.0032	EXACT
S5_acc_R4_len256	48.12	48.1224	0.0024	EXACT
S5_acc_R4_len512	24.51	24.5079	0.0021	EXACT
S5_acc_R4_len1024	12.79	12.7943	0.0043	EXACT
S5_acc_R4_len2048	6.78	6.7799	0.0001	EXACT
S5_R2vs1_len40_verdict	NOT_IN_HANDOFF	7.4414	NA	SIG
S5_R2vs1_len64_verdict	NOT_IN_HANDOFF	22.1924	NA	SIG
S5_R2vs1_len128_verdict	NOT_IN_HANDOFF	13.8855	NA	SIG
S5_R2vs1_len256_verdict	NOT_IN_HANDOFF	6.8626	NA	SIG
S5_R2vs1_len512_verdict	NOT_IN_HANDOFF	3.5763	NA	SIG
S5_R2vs1_len1024_verdict	NOT_IN_HANDOFF	1.6459	NA	SIG
S5_R2vs1_len2048_verdict	NOT_IN_HANDOFF	0.8346	NA	SIG
S5_R4vs1_len40_verdict	NOT_IN_HANDOFF	8.0713	NA	SIG
S5_R4vs1_len64_verdict	NOT_IN_HANDOFF	35.6262	NA	SIG
S5_R4vs1_len128_verdict	NOT_IN_HANDOFF	55.7358	NA	SIG
S5_R4vs1_len256_verdict	NOT_IN_HANDOFF	31.3148	NA	SIG
S5_R4vs1_len512_verdict	NOT_IN_HANDOFF	15.8493	NA	SIG
S5_R4vs1_len1024_verdict	NOT_IN_HANDOFF	7.9586	NA	SIG
S5_R4vs1_len2048_verdict	NOT_IN_HANDOFF	3.9348	NA	SIG
interaction_len40	NOT_IN_HANDOFF	8.0713	NA	NO_CLAIM
S5side_len40	NOT_IN_HANDOFF	8.0713	NA	NO_CLAIM
parityside_len40	NOT_IN_HANDOFF	0.0000	NA	NO_CLAIM
interaction_len64	35.63	35.6293	0.0007	EXACT
S5side_len64	35.63	35.6262	0.0038	EXACT
parityside_len64	-0.00	-0.0031	0.0031	EXACT
interaction_len128	58.15	58.1528	0.0028	EXACT
S5side_len128	55.74	55.7358	0.0042	EXACT
parityside_len128	-2.42	-2.4170	0.0030	EXACT
interaction_len128_ci_lo	48.20	48.1691	0.0309	EXACT
interaction_len128_ci_hi	68.10	68.1364	0.0364	EXACT
S5side_len128_ci_lo	47.50	47.5439	0.0439	EXACT
S5side_len128_ci_hi	63.90	63.9276	0.0276	EXACT
interaction_len256	33.95	33.9493	0.0007	EXACT
S5side_len256	31.31	31.3148	0.0048	EXACT
parityside_len256	-2.63	-2.6344	0.0044	EXACT
interaction_len512	17.95	17.9485	0.0015	EXACT
S5side_len512	15.85	15.8493	0.0007	EXACT
parityside_len512	-2.10	-2.0992	0.0008	EXACT
interaction_len1024	8.75	8.7479	0.0021	EXACT
S5side_len1024	7.96	7.9586	0.0014	EXACT
parityside_len1024	-0.79	-0.7893	0.0007	EXACT
interaction_len2048	5.09	5.0886	0.0014	EXACT
S5side_len2048	3.93	3.9348	0.0048	EXACT
parityside_len2048	-1.15	-1.1539	0.0039	EXACT
solv_parity_eff@128	-2.42	-2.4170	0.0030	EXACT
solv_parity_eff@2048	-1.15	-1.1539	0.0039	EXACT
solv_parity_R1_acc@2048	54.55	54.5473	0.0027	EXACT
solv_s3_words_eff@128	4.57	4.5728	0.0028	EXACT
solv_s3_words_eff@2048	0.78	0.7837	0.0037	EXACT
solv_s3_words_R1_acc@2048	21.96	21.9604	0.0004	EXACT
solv_s4_words_eff@128	4.77	4.7705	0.0005	EXACT
solv_s4_words_eff@2048	-0.99	-0.9895	0.0005	EXACT
solv_s4_words_R1_acc@2048	13.05	13.0469	0.0031	EXACT
solv_s5_words_eff@128	55.74	55.7358	0.0042	EXACT
solv_s5_words_eff@2048	3.93	3.9348	0.0048	EXACT
solv_s5_words_R1_acc@2048	2.85	2.8451	0.0049	EXACT
depth_L1_eff_len40	61.69	61.6875	0.0025	EXACT
depth_L1_eff_len64	75.97	75.9668	0.0032	EXACT
depth_L1_eff_len128	68.10	68.1006	0.0006	EXACT
depth_L1_eff_len512	18.59	18.5913	0.0013	EXACT
depth_L1_eff_len2048	4.70	4.7044	0.0044	EXACT
depth_L2_eff_len40	24.95	24.9453	0.0047	EXACT
depth_L2_eff_len64	46.28	46.2842	0.0042	EXACT
depth_L2_eff_len128	52.80	52.7979	0.0021	EXACT
depth_L2_eff_len512	14.48	14.4794	0.0006	EXACT
depth_L2_eff_len2048	3.59	3.5945	0.0045	EXACT
depth_L4_eff_len40	3.37	3.3672	0.0028	EXACT
depth_L4_eff_len64	25.64	25.6445	0.0045	EXACT
depth_L4_eff_len128	48.48	48.4814	0.0014	EXACT
depth_L4_eff_len512	13.42	13.4186	0.0014	EXACT
depth_L4_eff_len2048	3.31	3.3116	0.0016	EXACT
substitution_len40	58.32	58.3203	0.0003	EXACT
substitution_len64	50.32	50.3223	0.0023	EXACT
substitution_len128	19.62	19.6191	0.0009	EXACT
substitution_len512	5.17	5.1727	0.0027	EXACT
substitution_len2048	1.39	1.3928	0.0028	EXACT
P3_ladder_L1_acc@40	39.00	39.0234	0.0234	EXACT
P3_ladder_L2_acc@40	72.70	72.7083	0.0083	EXACT
P3_ladder_L4_acc@40	97.60	97.6302	0.0302	EXACT
P3_ladder_L6_acc@40	99.00	98.9453	0.0547	MISMATCH
kdagdn_s5_words_2.01pp_NO_CLEAN_AGGREGATE_MATCHES(closest_clean=256)	2.01	1.9859	0.0241	EXACT
kdagdn_parity@512	-7.43	-7.4314	0.0014	EXACT
kdagdn_mod_arith@40	-1.30	-1.3021	0.0021	EXACT
beq_s0_len40	0.00	0.0000	0.0000	EXACT
beq_s0_len64	0.00	0.0000	0.0000	EXACT
beq_s0_len128	-4.94	-4.9438	0.0038	EXACT
beq_s0_len256	-3.70	-3.6987	0.0013	EXACT
beq_s0_len512	-2.51	-2.5116	0.0016	EXACT
beq_s1_len40	0.00	0.0000	0.0000	EXACT
beq_s1_len64	0.00	0.0000	0.0000	EXACT
beq_s1_len128	-5.75	-5.7495	0.0005	EXACT
beq_s1_len256	-5.19	-5.1941	0.0041	EXACT
beq_s1_len512	-1.72	-1.7181	0.0019	EXACT
beq_s2_len40	0.00	0.0000	0.0000	EXACT
beq_s2_len64	0.00	0.0000	0.0000	EXACT
beq_s2_len128	1.64	1.6357	0.0043	EXACT
beq_s2_len256	1.38	1.3794	0.0006	EXACT
beq_s2_len512	1.76	1.7639	0.0039	EXACT
beq_s3_len40	0.00	0.0000	0.0000	EXACT
beq_s3_len64	0.00	0.0000	0.0000	EXACT
beq_s3_len128	-4.99	-4.9927	0.0027	EXACT
beq_s3_len256	-3.52	-3.5217	0.0017	EXACT
beq_s3_len512	-1.62	-1.6205	0.0005	EXACT
beq_s4_len40	0.00	0.0000	0.0000	EXACT
beq_s4_len64	-0.29	-0.2930	0.0030	EXACT
beq_s4_len128	-8.54	-8.5449	0.0049	EXACT
beq_s4_len256	-4.28	-4.2786	0.0014	EXACT
beq_s4_len512	-2.24	-2.2369	0.0031	EXACT
beq_s5_len40	0.00	0.0000	0.0000	EXACT
beq_s5_len64	0.00	0.0000	0.0000	EXACT
beq_s5_len128	1.45	1.4526	0.0026	EXACT
beq_s5_len256	2.17	2.1729	0.0029	EXACT
beq_s5_len512	1.34	1.3397	0.0003	EXACT
beq_s6_len40	0.00	0.0000	0.0000	EXACT
beq_s6_len64	0.00	0.0000	0.0000	EXACT
beq_s6_len128	-2.84	-2.8442	0.0042	EXACT
beq_s6_len256	-2.95	-2.9480	0.0020	EXACT
beq_s6_len512	-2.38	-2.3804	0.0004	EXACT
beq_s7_len40	0.00	0.0000	0.0000	EXACT
beq_s7_len64	0.00	0.0000	0.0000	EXACT
beq_s7_len128	3.59	3.5889	0.0011	EXACT
beq_s7_len256	2.65	2.6489	0.0011	EXACT
beq_s7_len512	1.71	1.7120	0.0020	EXACT
beq_s0_mean_nonceiling	-2.79	-2.7885	0.0015	EXACT
beq_s1_mean_nonceiling	-3.17	-3.1654	0.0046	EXACT
beq_s2_mean_nonceiling	1.19	1.1948	0.0048	EXACT
beq_s3_mean_nonceiling	-2.53	-2.5337	0.0037	EXACT
beq_s4_mean_nonceiling	-3.84	-3.8383	0.0017	EXACT
beq_s5_mean_nonceiling	1.24	1.2413	0.0013	EXACT
beq_s6_mean_nonceiling	-2.04	-2.0432	0.0032	EXACT
beq_s7_mean_nonceiling	1.99	1.9875	0.0025	EXACT
beq_pooled_mean	-1.24	-1.2432	0.0032	EXACT
beq_pooled_ci_lo	-3.18	-3.1828	0.0028	EXACT
beq_pooled_ci_hi	0.70	0.6964	0.0036	EXACT
beq_sign_n_negative	5.00	5.0000	0.0000	EXACT
beq_sign_p	0.73	0.7266	0.0034	EXACT
#status_count	EXACT	134
#status_count	MISMATCH	1
#status_count	NO_CLAIM	3
#status_count	SIG	14
